time,tweet,probability,sentiment
2022-05-29 05:19:37+00:00,"@1goonrich We're never getting rekt
One of the most amazing fast rising Crypto project is #Kuncicoin, a project with lots of utilities!

https://t.co/Y0Ih4BJ39u
Vote on ByBit and get amazing rewards!!! 

Join tg:
https://t.co/nFuiVcF0Tf

#KunciArmy #Kuncicoin
#KunciBybitvoting https://t.co/dEHjJg1WYO",0.9693543910980225,POSITIVE
2022-05-29 05:19:37+00:00,"RT @DMM_Bitcoin: ï¼
æ¯æ—¥å‚åŠ ï¼ãã®å ´ã§å½“ãŸã‚‹ï¼
ğŸ‰ #ãƒ•ã‚©ãƒ­ãƒ¼RTã‚­ãƒ£ãƒ³ãƒšãƒ¼ãƒ³ ğŸ‰
400åæ§˜ã«500å††åˆ†ã®ãƒ‡ã‚¸ã‚¿ãƒ«ã‚®ãƒ•ãƒˆã‚’ãƒ—ãƒ¬ã‚¼ãƒ³ãƒˆğŸ˜Š
ï¼¼

â– å¿œå‹Ÿæ–¹æ³•
â‘ @DMM_Bitcoinã‚’ãƒ•ã‚©ãƒ­ãƒ¼
â‘¡ã“ã®æŠ•ç¨¿ã‚’RT
â‘¢ä»¥ä¸‹ã®URLã‹ã‚‰æŠ½é¸ï¼
https://t.câ€¦",0.9527275562286377,POSITIVE
2022-05-29 05:19:37+00:00,"RT @airdropinspect: New airdrop: CloudChat (CC)
Total Reward: 1.2 Million CC
Rate: â­ï¸â­ï¸â­ï¸â­ï¸
Winners: 750 Random &amp; Top 250
Distribution: 14tâ€¦",0.9980467557907104,POSITIVE
2022-05-29 05:19:37+00:00,RT @RecessionCoin: 24 HOURS UNTIL PRESALE!! Make sure to join our telegram for a voice chat right before the event! Presale buyers will getâ€¦,0.6646178960800171,NEGATIVE
2022-05-29 05:19:38+00:00,"RT @DMM_Bitcoin: ï¼
æ¯æ—¥å‚åŠ ï¼ãã®å ´ã§å½“ãŸã‚‹ï¼
ğŸ‰ #ãƒ•ã‚©ãƒ­ãƒ¼RTã‚­ãƒ£ãƒ³ãƒšãƒ¼ãƒ³ ğŸ‰
400åæ§˜ã«500å††åˆ†ã®ãƒ‡ã‚¸ã‚¿ãƒ«ã‚®ãƒ•ãƒˆã‚’ãƒ—ãƒ¬ã‚¼ãƒ³ãƒˆğŸ˜Š
ï¼¼

â– å¿œå‹Ÿæ–¹æ³•
â‘ @DMM_Bitcoinã‚’ãƒ•ã‚©ãƒ­ãƒ¼
â‘¡ã“ã®æŠ•ç¨¿ã‚’RT
â‘¢ä»¥ä¸‹ã®URLã‹ã‚‰æŠ½é¸ï¼
https://t.câ€¦",0.9527275562286377,POSITIVE
2022-05-29 05:19:38+00:00,"@Michael93605117 Next #BSC #Metaverse gem taking the crypto space by stormğŸš€

$LMETA @luckymetaverse_

All In One Metaverse ğŸ™ 
P2E, Stake, Lottery | All using one token âœ…| KYC'd &amp; AuditedğŸ”’, DOXXED TEAM

Next 1000x #GEM ğŸ’

Check for yourself before investing ğŸ‘‡ğŸ’ 
https://t.co/zWaHheLPwZ",0.9293487071990967,NEGATIVE
2022-05-29 05:19:39+00:00,@ashwsbreal BTC 11k USD olacak,0.5141488909721375,POSITIVE
2022-05-29 05:19:39+00:00,"@LithiumVentures @LunaFi_Project Fantastic project with great potential. The team's dedication and ingenuity with excellent fan support will make this the envy of the crypto world. Glad to be part.
@nazrul2286
@munnavhai9
@mamun2286",0.9984645843505859,POSITIVE
2022-05-29 05:19:39+00:00,"@CryptoEmdarks @omniaverse DApp features:

Gamers looking to monetize their artwork can use P2P or can leverage the integration of the Dapp with OpenSea Marketplace. Flexible selling options with an opportunity to list using chain agnostic crypto currencies.

@bitgertbrise",0.9005772471427917,POSITIVE
2022-05-29 05:19:39+00:00,"RT @altbullx: No big account gave me any shout out, didn't use any fake dp of girls either
With pure hard work and performance all I got thâ€¦",0.5829401016235352,NEGATIVE
2022-05-29 05:19:39+00:00,BTC/USD: Maybe the Stock Market Is to Fault for Bitcoinâ€™s Recent Doldrums - Bloomberg https://t.co/43xmTiBFby,0.9988877177238464,NEGATIVE
2022-05-29 05:19:39+00:00,"#IKONIC #CRYPTO #BSC #BINANCE #BITCOIN

This is a order this project can keep its growing so we can enjoy all the features it has to offer to generate income.this is nice project and good project....m https://t.co/YW1XfFdShD",0.9728184938430786,POSITIVE
2022-05-29 05:19:39+00:00,@0xSiimp @btc_hunter1 #SiimpAnt @sefcrypto1 @Kriptocu12128 @bayburtcoin,0.9759405255317688,POSITIVE
2022-05-29 05:19:39+00:00,"EP #394 This New Technique Raised $735,473 On Kickstarter | Elevated Craft CRYPTO CRYPTO NEWS - https://t.co/sFvUmtChXc https://t.co/AReko55DYy",0.9993962049484253,POSITIVE
2022-05-29 05:19:40+00:00,"@greennft_arg 
GN. Visite ours collections in Open Sea, NFTs for Sale in Ethereum, and in Polygon with low prices
- Chimpanzee Ape Ostentation Club
- Crypto Rainbow Birds 
- Saturnian Alien Club (with booking free in Cabo Frio)
- Brasilian Arts Gallery/Brasilian Artists/others https://t.co/3fMGSdkXtI",0.9824246764183044,POSITIVE
2022-05-29 05:19:40+00:00,"RT @crypto910bot: ç›´è¿‘1åˆ†é–“ã§å¤§ããªä¾¡æ ¼å¤‰å‹•ãŒã‚ã‚Šã¾ã—ãŸ
BTC-MOVE-WK-0422 +3.45%",0.9968696236610413,POSITIVE
2022-05-29 05:19:41+00:00,"RT @DMM_Bitcoin: ï¼
æ¯æ—¥å‚åŠ ï¼ãã®å ´ã§å½“ãŸã‚‹ï¼
ğŸ‰ #ãƒ•ã‚©ãƒ­ãƒ¼RTã‚­ãƒ£ãƒ³ãƒšãƒ¼ãƒ³ ğŸ‰
400åæ§˜ã«500å††åˆ†ã®ãƒ‡ã‚¸ã‚¿ãƒ«ã‚®ãƒ•ãƒˆã‚’ãƒ—ãƒ¬ã‚¼ãƒ³ãƒˆğŸ˜Š
ï¼¼

â– å¿œå‹Ÿæ–¹æ³•
â‘ @DMM_Bitcoinã‚’ãƒ•ã‚©ãƒ­ãƒ¼
â‘¡ã“ã®æŠ•ç¨¿ã‚’RT
â‘¢ä»¥ä¸‹ã®URLã‹ã‚‰æŠ½é¸ï¼
https://t.câ€¦",0.9527275562286377,POSITIVE
2022-05-29 05:19:42+00:00,"RT @FarzadVajihi: SOLUSD
Long
Entry: 41 Now
Tp: 44.6
Scalp

#Ø³ÙˆÙ„Ø§Ù†Ø§ #Ú©Ø±Ù¾ÛŒØªÙˆ #ÙØ±Ø²Ø§Ø¯ÙˆØ¬ÛŒÙ‡ÛŒ #ØªØ±ÛŒØ¯Ø± #Ø¨ÛŒØª_Ú©ÙˆÛŒÙ†
#Bitcoin",0.8575903177261353,POSITIVE
2022-05-29 05:19:42+00:00,"RT @DylanLeClair_: Get your #bitcoin off exchanges. 

Not your keys, not your coins.",0.9997782111167908,NEGATIVE
2022-05-29 05:19:42+00:00,@RyzeSol @crypto_vantage @marcinm88m @Dawid79159333 Please give it to me :),0.9153898358345032,POSITIVE
2022-05-29 05:19:42+00:00,"@cryptopower24 @iRocketGlobal COVID 19 has slowed down many economies around the world but as a crypto business, does it affect you negatively or positively?
Are you still on track to achieve your goals or are you planning a new development",0.9429305195808411,POSITIVE
2022-05-29 05:19:42+00:00,@ReActivada_BTC Pero se ve al toque jajajaja,0.6375618577003479,NEGATIVE
2022-05-29 05:19:42+00:00,"RT @bitcoininu_eth: â–ªï¸Token Name: Bitcoin Inu
â–ªï¸Symbol: BINU
â–ªï¸Total Supply: 2.1 B
â–ªï¸Tax : 10% buy/sell
â–ªï¸10% auto-burn every transactionâ€¦",0.5201254487037659,POSITIVE
2022-05-29 05:19:43+00:00,"ğŸ‡ºğŸ‡¸ USD: $28,938
ğŸ‡ªğŸ‡º EUR: â‚¬26,980 
ğŸ‡¬ğŸ‡§ GBP: Â£22,912
ğŸ‡¨ğŸ‡¦ CAD: $36,780
ğŸ‡¦ğŸ‡º AUD: $40,326
ğŸ‡¯ğŸ‡µ JPY:  Â¥3,682,635

 #Bitcoin #BTC",0.7601035237312317,POSITIVE
2022-05-29 05:19:43+00:00,"UK digital services tax targets crypto exchanges . Britainâ€™s crypto exchanges will be levied with a 2% tax that is likely to be passed on to investors, warned CryptoUK.",0.9984473586082458,NEGATIVE
2022-05-29 05:19:43+00:00,"@archillect Looking at the image, I see dreams come true. I fell like I'd also share another dream coming true in the Crypto space. Meet @elonmusk as he have fun with his favourite doge's son @Sonofdoge_ ğŸ˜†ğŸ˜†ğŸ˜†

#ItsSonOfDoge #SonOfDoge #Utilium #BSC #SOD #Launchpad https://t.co/ohFPPLWO4v",0.9993294477462769,POSITIVE
2022-05-29 05:19:43+00:00,Identity is the antidote for DEXsâ€™ regulationÂ problem https://t.co/qrgM7LNKEA,0.9630911946296692,POSITIVE
2022-05-29 05:19:43+00:00,"RT @DMM_Bitcoin: ï¼
æ¯æ—¥å‚åŠ ï¼ãã®å ´ã§å½“ãŸã‚‹ï¼
ğŸ‰ #ãƒ•ã‚©ãƒ­ãƒ¼RTã‚­ãƒ£ãƒ³ãƒšãƒ¼ãƒ³ ğŸ‰
400åæ§˜ã«500å††åˆ†ã®ãƒ‡ã‚¸ã‚¿ãƒ«ã‚®ãƒ•ãƒˆã‚’ãƒ—ãƒ¬ã‚¼ãƒ³ãƒˆğŸ˜Š
ï¼¼

â– å¿œå‹Ÿæ–¹æ³•
â‘ @DMM_Bitcoinã‚’ãƒ•ã‚©ãƒ­ãƒ¼
â‘¡ã“ã®æŠ•ç¨¿ã‚’RT
â‘¢ä»¥ä¸‹ã®URLã‹ã‚‰æŠ½é¸ï¼
https://t.câ€¦",0.9527275562286377,POSITIVE
2022-05-29 05:19:43+00:00,Getting paid crypto to createÂ whateverÂ contentÂ I wantÂ and post on Social with the Raiinmaker AppğŸš€ $BTC  #CreateToEarn #RaiinmakerApp #MakeItRaiin https://t.co/LddDfiQ8eE,0.9262382388114929,POSITIVE
2022-05-29 05:19:44+00:00,"@PenkeTrading Next #BSC #Metaverse gem taking the crypto space by stormğŸš€

$LMETA @luckymetaverse_

All In One Metaverse ğŸ™ 
P2E, Stake, Lottery | All using one token âœ…| KYC'd &amp; AuditedğŸ”’, DOXXED TEAM

Next 1000x #GEM ğŸ’

Check for yourself before investing ğŸ‘‡ğŸ’ 
https://t.co/zWaHheLPwZ",0.901153564453125,NEGATIVE
2022-05-29 05:19:44+00:00,"@StewJohnson3 Hey Bitcoin! The first Underwater Meta Nightclub. Whales call! ğŸ³ Holders can access club Atlantis. 1st Place on Mintyscore! Send @SeaHorseArmyNFT DM with words ""WHITELIST"" to claim! https://t.co/YFx0Ycoe8m",0.9962354302406311,POSITIVE
2022-05-29 05:19:44+00:00,"RT @airdropinspect: New airdrop: CloudChat (CC)
Total Reward: 1.2 Million CC
Rate: â­ï¸â­ï¸â­ï¸â­ï¸
Winners: 750 Random &amp; Top 250
Distribution: 14tâ€¦",0.9980467557907104,POSITIVE
2022-05-29 05:19:44+00:00,"@BabyDogeGem Feel free to join #DroverInu @DroverToken 
   â¡ï¸Hyperdeflationary
   â¡ï¸Kyc and Audited 
   â¡ï¸10 billion supply 
   â¡ï¸Bot free
   â¡ï¸liquidity ğŸ”’ 

   TG - https://t.co/Oi8qmsiRTI

   #BSCGems #100xgems Â 
   #NFT #Altcoin  #DroverToken #Crypto #BSCGems #BSCGemsAlert https://t.co/2lagyCinvM",0.8437734246253967,POSITIVE
2022-05-29 05:19:45+00:00,A Problem With Bitcoin's Lightning Network Liquidity And Ideas To Address It - Bitcoin Magazine https://t.co/yDEEN8Nd9f #crypto $BTC $ETH,0.9993398785591125,NEGATIVE
2022-05-29 05:19:45+00:00,"RT @TheRealPlanC: Clear competing interests. To call what Celsius does high risk is disingenuous. They do over collateralized sec lending,â€¦",0.7080565690994263,NEGATIVE
2022-05-29 05:19:46+00:00,"@elonmusk @elonmusk love's one , 
One @elonmusk can do many things.
Just waiting for the day when from one Bitcoin and 100 doge coin we can buy Tesla car.",0.9966228008270264,POSITIVE
2022-05-29 05:19:46+00:00,"RT @DMM_Bitcoin: ï¼
æ¯æ—¥å‚åŠ ï¼ãã®å ´ã§å½“ãŸã‚‹ï¼
ğŸ‰ #ãƒ•ã‚©ãƒ­ãƒ¼RTã‚­ãƒ£ãƒ³ãƒšãƒ¼ãƒ³ ğŸ‰
400åæ§˜ã«500å††åˆ†ã®ãƒ‡ã‚¸ã‚¿ãƒ«ã‚®ãƒ•ãƒˆã‚’ãƒ—ãƒ¬ã‚¼ãƒ³ãƒˆğŸ˜Š
ï¼¼

â– å¿œå‹Ÿæ–¹æ³•
â‘ @DMM_Bitcoinã‚’ãƒ•ã‚©ãƒ­ãƒ¼
â‘¡ã“ã®æŠ•ç¨¿ã‚’RT
â‘¢ä»¥ä¸‹ã®URLã‹ã‚‰æŠ½é¸ï¼
https://t.câ€¦",0.9527275562286377,POSITIVE
2022-05-29 05:19:46+00:00,"@DaCryptoGems07 Simple exchange of #BlueBit to buy/sell #BlueSparrow to USDT/USD...
The most innovative move in #BlueBit
Trading crypto/Forex with #BlueSparrow

You can trade #BlueSparrow using Market, Limit and Simple Exchange features.
#BlueSparrow 
#BlueBitIO 
@BlueSparrowETH
764 https://t.co/kEnQqKjbms",0.9960662722587585,POSITIVE
2022-05-29 05:19:47+00:00,"RT @DMM_Bitcoin: ï¼
æ¯æ—¥å‚åŠ ï¼ãã®å ´ã§å½“ãŸã‚‹ï¼
ğŸ‰ #ãƒ•ã‚©ãƒ­ãƒ¼RTã‚­ãƒ£ãƒ³ãƒšãƒ¼ãƒ³ ğŸ‰
400åæ§˜ã«500å††åˆ†ã®ãƒ‡ã‚¸ã‚¿ãƒ«ã‚®ãƒ•ãƒˆã‚’ãƒ—ãƒ¬ã‚¼ãƒ³ãƒˆğŸ˜Š
ï¼¼

â– å¿œå‹Ÿæ–¹æ³•
â‘ @DMM_Bitcoinã‚’ãƒ•ã‚©ãƒ­ãƒ¼
â‘¡ã“ã®æŠ•ç¨¿ã‚’RT
â‘¢ä»¥ä¸‹ã®URLã‹ã‚‰æŠ½é¸ï¼
https://t.câ€¦",0.9527275562286377,POSITIVE
2022-05-29 05:19:47+00:00,"Have smbd heard about FXRUMBLE? I'm following them on Twi and they do just awesome things...Could u imagine: they even have a partnership with Spotify! Traders can listen to their fav playlists while trading!!
Biddutbam 
#FxRumble #CRYPTO #trading #Forex #Gaming https://t.co/hKLd481W6z",0.9924334287643433,POSITIVE
2022-05-29 05:19:47+00:00,"@yoyo_vision #BlueBit is a unique crypto and Forex trading platform founded with #BlueSparrow. The community-focused team listens to its client's needs, providing a state-of-the-art global exchange to their growing #BlueSparrow community.
@BlueSparrowETH 
@BluesparrowC
@Bluebit_io Û¶",0.9991241097450256,POSITIVE
2022-05-29 05:19:47+00:00,"hopefully this project is a success and then it becomes one of the best cryptos, Good luck.
@MdArif12360116
@nusratj35821303
@RakivHasan6
#Airdrop#Crypto#NFT https://t.co/ytW8dLDIZW",0.9933932423591614,POSITIVE
2022-05-29 05:19:47+00:00,"@rovercrc @omniaverse DApp features:

Gamers looking to monetize their artwork can use P2P or can leverage the integration of the Dapp with OpenSea Marketplace. Flexible selling options with an opportunity to list using chain agnostic crypto currencies.

@bitgertbrise",0.874233067035675,POSITIVE
2022-05-29 05:19:47+00:00,"@crypto_pastuh @SkullAndUxV @DustinBenge Why would anyone believe in something without good evidence?

The power of indoctrination and brainwashing goes really deep, but fortunately education is the killer of religion. Already happened in Europe, Canada and Aust/NZ, and happening fast in the US. Africa will take longer.",0.7855839729309082,NEGATIVE
2022-05-29 05:19:47+00:00,"ğŸ³ #Cardano $ADA Whale â¤ï¸laced!
ğŸ’° Transaction Output: 27.1M â‚³Dâ‚³ / 12.49M USD 
ğŸ‘ï¸ Tx info:
â¡ï¸ https://t.co/p3txoLsO0F

ğŸ™Support us:
- Stake with  â˜®ï¸PEACEâ˜®ï¸ pool: https://t.co/Uztjjf2EbE
- Stake with SHARP/EASY1/BOOST/GMBL
#fintech #blockchain #crypto",0.8523012399673462,NEGATIVE
2022-05-29 05:19:48+00:00,"RT @NFTNoNames: Sheesh! LET'S GO!!
Sign Up: https://t.co/CfmUvDIIs0

$78 Giveaway! ğŸ¥³
âœ…Follow @rollbitcom &amp; @NFTNoNames 
âœ…Retweet and Tag 1â€¦",0.7478938102722168,POSITIVE
2022-05-29 05:19:48+00:00,"@cryptowaless ğŸ¦Š #KYUUBI ğŸ¦Š is 2nd AltRank and only 200k MC

Time to check out @KyuubiGlobal

Current top 10 Memes coins by LunarCrush Galaxy Scoreâ„¢:

1ï¸âƒ£ eg
2ï¸âƒ£ $kyub
3ï¸âƒ£ shib
4ï¸âƒ£ marvin
5ï¸âƒ£ bluesparrow
6ï¸âƒ£ voltinu
7ï¸âƒ£ mona
8ï¸âƒ£ yamv2
9ï¸âƒ£ lowb
ğŸ”Ÿ pigeinu

ğŸ” https://t.co/QOa7PjouLc
#Crypto #BSC #ETH",0.8234622478485107,POSITIVE
2022-05-29 05:19:48+00:00,"RT @NBDAO_xiaoniu: åŸºé‡‘è½¦å‡€å€¼å…¬å¸ƒå¦‚å›¾ï¼š

æˆ‘ä»¬å½’é›¶åŒ…å¸ç§åå•ç»§ç»­æ‰©å¤§å¾é›†ä¸­ï¼š

å¿…é€‰é¡¹ç›®ï¼šBTC ETH USDT BNB  SOL CRV  UNI SHIB DOGE  AXS  LINK

æŠ•ç¥¨é€‰é¡¹ï¼šFIL   ICP ROSE   MANA  LTCâ€¦",0.9982777833938599,POSITIVE
2022-05-29 05:19:48+00:00,"RT @bitcoininu_eth: â–ªï¸Token Name: Bitcoin Inu
â–ªï¸Symbol: BINU
â–ªï¸Total Supply: 2.1 B
â–ªï¸Tax : 10% buy/sell
â–ªï¸10% auto-burn every transactionâ€¦",0.5201254487037659,POSITIVE
2022-05-29 05:19:49+00:00,"@WazirXIndia Altbase aims to simplify the process for new-comers to #cryptocurrency and make the process of buying #altcoin simple and straightforward.

Start your #crypto journey with @AltbaseApp
#BSCGems #BSC #Binance https://t.co/2QogP1ie2X",0.6839231252670288,POSITIVE
2022-05-29 05:19:49+00:00,"RT @BTC_Archive: ğŸ’¥Michael Saylor told me why he will be buying #Bitcoin at the top forever!

If you missed our chat on twitter spaces, hereâ€¦",0.8362756967544556,POSITIVE
2022-05-29 05:19:49+00:00,RT @RecessionCoin: 24 HOURS UNTIL PRESALE!! Make sure to join our telegram for a voice chat right before the event! Presale buyers will getâ€¦,0.6646178960800171,NEGATIVE
2022-05-29 05:19:49+00:00,"RT @CoinMarketG: $XLM (#Stellar) will be listed on https://t.co/cK9jit8cvI! ğŸš€ğŸš€ğŸš€
â‡ï¸Stellar makes it possible to create, send, and trade digiâ€¦",0.974662721157074,POSITIVE
2022-05-29 05:19:49+00:00,"RT @nihkalowz: ""Most people have attained their greatest success just one step beyond their greatest failure."" #Bitcoin #Supercycle https:/â€¦",0.983260452747345,NEGATIVE
2022-05-29 05:19:50+00:00,"RT @DMM_Bitcoin: ï¼
æ¯æ—¥å‚åŠ ï¼ãã®å ´ã§å½“ãŸã‚‹ï¼
ğŸ‰ #ãƒ•ã‚©ãƒ­ãƒ¼RTã‚­ãƒ£ãƒ³ãƒšãƒ¼ãƒ³ ğŸ‰
400åæ§˜ã«500å††åˆ†ã®ãƒ‡ã‚¸ã‚¿ãƒ«ã‚®ãƒ•ãƒˆã‚’ãƒ—ãƒ¬ã‚¼ãƒ³ãƒˆğŸ˜Š
ï¼¼

â– å¿œå‹Ÿæ–¹æ³•
â‘ @DMM_Bitcoinã‚’ãƒ•ã‚©ãƒ­ãƒ¼
â‘¡ã“ã®æŠ•ç¨¿ã‚’RT
â‘¢ä»¥ä¸‹ã®URLã‹ã‚‰æŠ½é¸ï¼
https://t.câ€¦",0.9527275562286377,POSITIVE
2022-05-29 05:19:50+00:00,RT @cryptohobbies: BTCğŸ˜¡,0.9241604208946228,NEGATIVE
2022-05-29 05:19:50+00:00,Koskoca #bitcoin ve para sistemi bile ezoterik sistemle yÃ¼rÃ¼tÃ¼lÃ¼yor.paranÄ±n yÃ¶nÃ¼nÃ¼ iniÅŸini Ã§Ä±kÄ±ÅŸÄ±nÄ± dahi kendi belirledikleri dÃ¶nemlerde hareket ettiriyorlar. https://t.co/Bn1YX1JDkq,0.7189710736274719,NEGATIVE
2022-05-29 05:19:50+00:00,"RT @CryptoMetaBomb: ğŸš€ Airdrop: CryptoMetaBomb
ğŸ’° Value: 50.000 $BTC
ğŸ“… End Date: 26th June, 2022
ğŸ¦ Distribution Date: Immediate

ğŸ¥‡ 1st - 2.00â€¦",0.6069694757461548,POSITIVE
2022-05-29 05:19:50+00:00,"@DylanLeClair_ @SatoshiSarah @Mashinsky @CelsiusNetwork ğŸ¯ 
One thing that is always trueâ€¦ never have 100% of your crypto on an exchange 

Keep a #HODL amount in your wallet ğŸ’¯",0.9206096529960632,POSITIVE
2022-05-29 05:19:51+00:00,"RT @DMM_Bitcoin: ï¼
æ¯æ—¥å‚åŠ ï¼ãã®å ´ã§å½“ãŸã‚‹ï¼
ğŸ‰ #ãƒ•ã‚©ãƒ­ãƒ¼RTã‚­ãƒ£ãƒ³ãƒšãƒ¼ãƒ³ ğŸ‰
400åæ§˜ã«500å††åˆ†ã®ãƒ‡ã‚¸ã‚¿ãƒ«ã‚®ãƒ•ãƒˆã‚’ãƒ—ãƒ¬ã‚¼ãƒ³ãƒˆğŸ˜Š
ï¼¼

â– å¿œå‹Ÿæ–¹æ³•
â‘ @DMM_Bitcoinã‚’ãƒ•ã‚©ãƒ­ãƒ¼
â‘¡ã“ã®æŠ•ç¨¿ã‚’RT
â‘¢ä»¥ä¸‹ã®URLã‹ã‚‰æŠ½é¸ï¼
https://t.câ€¦",0.9527275562286377,POSITIVE
2022-05-29 05:19:51+00:00,"@LBank_Exchange @iRocketToken âœŒï¸Very good project with good potential. Hope it will go a long way in futureâœŒï¸.

ğŸ’™Very Good Project â¤ï¸

@AmitDasDas8
@niloy306
@RizzAlvie
#crypto #LBankAMA",0.9952152967453003,POSITIVE
2022-05-29 05:19:51+00:00,"RT @STEPEN_BTC: ğŸ’´2000äººè¨˜å¿µçµ¦æ–™æ—¥ğŸ’´

ä»Šæ—¥ã§ãƒ©ã‚¹ãƒˆã€œğŸ¤‘
æ¬¡ã¯ã„ã¤ã‚„ã‚ã†ã‹ãªï¼Ÿ

å‚åŠ æ–¹æ³•
ãƒ»@STEPEN_BTC ã‚’ãƒ•ã‚©ãƒ­ãƒ¼

ãƒ»ã“ã®ãƒ„ã‚¤ãƒ¼ãƒˆã®ãƒ•ã‚©ãƒ­ãƒ¼ã€ãƒªãƒ„ã‚¤ãƒ¼ãƒˆã€ã„ã„ã­

ç¾é‡‘50ä¸‡å††åˆ†2äºº
#btcÂ Â  50ä¸‡å††åˆ†2äºº

çµ¦æ–™æ¬²ã—ã‘ã‚Šã‚ƒãƒ•ã‚©ãƒ­ãƒ¼&amp;ãƒªâ€¦",0.9741804003715515,POSITIVE
2022-05-29 05:19:51+00:00,"ges . Britainâ€™s crypto exchanges will be levied with a 2% tax that is likely to be passed on to investors, warned CryptoUK.",0.9977818131446838,NEGATIVE
2022-05-29 05:19:51+00:00,Iâ€™m calling it: slurp tweet was the canary in the coal mine for crypto,0.9999567270278931,NEGATIVE
2022-05-29 05:19:51+00:00,"@Metacoms 
The project is excellent and worthy in the crypto industry. I think this project will work and it works because this project is great. 
#Metacoms $METAC #Metaverse_APP #Metaverse #blockchian #crypto #BNB #cryptolife #BUSD #BSC #digitalassets #Gaming #BinanceSmartChain",0.9904460906982422,POSITIVE
2022-05-29 05:19:52+00:00,"@Nikk94845808 @icdrakon Plss!!!

@15000Harman

#ICP #Crypto #DFINITY #NFTGiveaway",0.9975829124450684,POSITIVE
2022-05-29 05:19:52+00:00,"RT @DMM_Bitcoin: ï¼
æ¯æ—¥å‚åŠ ï¼ãã®å ´ã§å½“ãŸã‚‹ï¼
ğŸ‰ #ãƒ•ã‚©ãƒ­ãƒ¼RTã‚­ãƒ£ãƒ³ãƒšãƒ¼ãƒ³ ğŸ‰
400åæ§˜ã«500å††åˆ†ã®ãƒ‡ã‚¸ã‚¿ãƒ«ã‚®ãƒ•ãƒˆã‚’ãƒ—ãƒ¬ã‚¼ãƒ³ãƒˆğŸ˜Š
ï¼¼

â– å¿œå‹Ÿæ–¹æ³•
â‘ @DMM_Bitcoinã‚’ãƒ•ã‚©ãƒ­ãƒ¼
â‘¡ã“ã®æŠ•ç¨¿ã‚’RT
â‘¢ä»¥ä¸‹ã®URLã‹ã‚‰æŠ½é¸ï¼
https://t.câ€¦",0.9527275562286377,POSITIVE
2022-05-29 05:19:52+00:00,"Bitcoin is holding the support on the weekly chart. This is the last support area and a break below this is bearish and we see a dump towards the $23,000-$25,000 zone. We might see some reversal from next week if BTC is able to close the weekly candle above the support level
#btc https://t.co/6tNt6YLt8c",0.9999666213989258,NEGATIVE
2022-05-29 05:19:52+00:00,"RT @doodle_homes: ğŸ Free #NFT #Giveaway
Worth 1 ETH (1800$)

Follow &amp; Retweet
Drop your #ETH  address

#NFTCommunity #opensea  #NFTArtist #â€¦",0.9733580350875854,NEGATIVE
2022-05-29 05:19:53+00:00,RT @WatcherGuru: FUN FACT: #Bitcoin has a larger market cap than JPMorgan Chase and Morgan Stanley combined.,0.9583821892738342,POSITIVE
2022-05-29 05:19:53+00:00,"RT @RosAlejan2017: Get Free #Bitcoin at https://t.co/FBQDkEni4Z https://t.co/HhPs2kKPTF #BTC #cryptocurrency #sat

1. Retweet + Like

#CTBoâ€¦",0.9958227872848511,NEGATIVE
2022-05-29 05:19:53+00:00,"RT @EsportsWomen: #America - hostage to stooges like this

#Esports #Women #Zelda #cosplay #NFTs #startup #BTC #ETH #investing #branding #mâ€¦",0.9354914426803589,POSITIVE
2022-05-29 05:19:53+00:00,"RT @DelibirdClub: #NFTGiveaway from @ApeNightClub  ğŸ¦ğŸ•ºğŸ¶

ğŸ† 1 Free #NFT ( worth 300$ )
ğŸ† 5 WL spots

1ï¸âƒ£ RT &amp; Like 
2ï¸âƒ£ Follow @ApeNightClubâ€¦",0.7734400033950806,POSITIVE
2022-05-29 05:19:53+00:00,"RT @altbullx: I booked 70% profits here...and my stoploss at breakeven full relax..
Congrats whoever made money with me
#btc $BTC $XTZ #xtzâ€¦",0.6569744944572449,POSITIVE
2022-05-29 05:19:54+00:00,"RT @ADAM_Oracle: ğŸ•Celebrate #ADAM Pizza WeekğŸ•

Supreme PizzağŸ‘‰  $20 ADAM
luxury PizzağŸ‘‰  $10 ADAM
Lucky PizzağŸ‘‰  $5 ADAM
Pizza Blind BoxğŸ‘‰  ï¼Ÿï¼ŸAâ€¦",0.8455118536949158,NEGATIVE
2022-05-29 05:19:54+00:00,RT @hatam_btc: @MrBigWhaleREAL #MarvinInu has the best community for such an early project. They get the long-term play and are hodling strâ€¦,0.9808805584907532,POSITIVE
2022-05-29 05:19:54+00:00,"All eyes on 20,000 ğŸ‘€ $BTC ğŸ»",0.5784592628479004,POSITIVE
2022-05-29 05:19:54+00:00,"RT @FlylightsTech: ğŸ‘‰Stage 1 continues.
https://t.co/EyddZDYdRM
#Presale Stage 1 tokens have been sent to your wallets.
Don't forget to Addâ€¦",0.9134437441825867,POSITIVE
2022-05-29 05:19:54+00:00,"@ShibInform @omniaverse DApp features:

Gamers looking to monetize their artwork can use P2P or can leverage the integration of the Dapp with OpenSea Marketplace. Flexible selling options with an opportunity to list using chain agnostic crypto currencies.

@bitgertbrise",0.8571088910102844,POSITIVE
2022-05-29 05:19:54+00:00,"Price Change ğŸ“Š
The price of DREPUSDT has go up by 1.46% 
Previous price: 0.8299 
Current price: 0.842

#DREP, #DREPUSDT, #crypto, #pricegoup https://t.co/GsQGB1SrFS",0.8887659907341003,NEGATIVE
2022-05-29 05:19:54+00:00,"@cryptowaless If your into #CRYPTO you need to have a bag of $KYUB

#KYUUBI is going to be the next big #memecoin

Massive gains incoming for $KYUB holders

Don't miss out on this one

    ğŸ‘€ğŸ¦Š @KyuubiGlobal ğŸ‘€ğŸ¦Š",0.6195912957191467,NEGATIVE
2022-05-29 05:19:55+00:00,"RT @DMM_Bitcoin: ï¼
æ¯æ—¥å‚åŠ ï¼ãã®å ´ã§å½“ãŸã‚‹ï¼
ğŸ‰ #ãƒ•ã‚©ãƒ­ãƒ¼RTã‚­ãƒ£ãƒ³ãƒšãƒ¼ãƒ³ ğŸ‰
400åæ§˜ã«500å††åˆ†ã®ãƒ‡ã‚¸ã‚¿ãƒ«ã‚®ãƒ•ãƒˆã‚’ãƒ—ãƒ¬ã‚¼ãƒ³ãƒˆğŸ˜Š
ï¼¼

â– å¿œå‹Ÿæ–¹æ³•
â‘ @DMM_Bitcoinã‚’ãƒ•ã‚©ãƒ­ãƒ¼
â‘¡ã“ã®æŠ•ç¨¿ã‚’RT
â‘¢ä»¥ä¸‹ã®URLã‹ã‚‰æŠ½é¸ï¼
https://t.câ€¦",0.9527275562286377,POSITIVE
2022-05-29 05:19:55+00:00,"RT @airdropinspect: New airdrop: CloudChat (CC)
Total Reward: 1.2 Million CC
Rate: â­ï¸â­ï¸â­ï¸â­ï¸
Winners: 750 Random &amp; Top 250
Distribution: 14tâ€¦",0.9980467557907104,POSITIVE
2022-05-29 05:19:57+00:00,"RT @itejck: ARCHIE will be a GIANT in the Metaverse ğŸ’«Space. 

             ğŸ’¥ğŸ’¥ğŸ’¥BOOM! ğŸ’¥ğŸ’¥ğŸ’¥ #VirtualReality #Ethereum #altcoin #blockchain #Metâ€¦",0.9962990880012512,POSITIVE
2022-05-29 05:19:57+00:00,"RT @egeharputlu_: Hadi geceye Ã¶zel minik bir #Ã‡EKÄ°LÄ°Å yapalÄ±mğŸ˜ŠğŸ‘‡

1 KiÅŸiye $50
2 kiÅŸiye $30

KatÄ±lmak iÃ§in bu postu RT yapmanÄ±z, beÄŸenmenizâ€¦",0.5378199815750122,NEGATIVE
2022-05-29 05:19:57+00:00,"@bitcoininu_eth hopefully this project is a success and then it becomes one of the best cryptos, Good luck.
@MdArif12360116
@nusratj35821303
@RakivHasan6
#Airdrop#Crypto#NFT",0.9831088185310364,POSITIVE
2022-05-29 05:19:57+00:00,@mochineproms @bellahost__ @RKalisabuk @crypto_moch @moch_indo Congrats ğŸ‰,0.9653132557868958,POSITIVE
2022-05-29 05:19:57+00:00,"@FrontendLA Next #BSC #Metaverse gem taking the crypto space by stormğŸš€

$LMETA @luckymetaverse_

All In One Metaverse ğŸ™ 
P2E, Stake, Lottery | All using one token âœ…| KYC'd &amp; AuditedğŸ”’, DOXXED TEAM

Next 1000x #GEM ğŸ’

Check for yourself before investing ğŸ‘‡ğŸ’ 
https://t.co/zWaHheLPwZ",0.9167523980140686,NEGATIVE
2022-05-29 05:19:57+00:00,"@aniyoogifteu Winner ğŸ†: @Chrxstxbxls

Congrats! Kindly DM &amp; read their pinned tweet before you claim the prize.  

Gcash/Crypto: @crypto_moch 
Dana wallet ğŸ‡®ğŸ‡©: @moch_indo 

âœ”ï¸ https://t.co/YDuWVGE2qu",0.9933567643165588,POSITIVE
2022-05-29 05:19:58+00:00,"Cryptocurrency Prices Today May 29: Bitcoin and Ethereum rise, Dogecoin slips â€“Â Moneycontrol https://t.co/anzCBNbVpZ",0.9997382760047913,NEGATIVE
2022-05-29 05:19:58+00:00,"Increase in Trades
DREPUSDT, has 5500% increase in the number of trades going through
Previous total trades: 2
Current total trades: 110
Average trades: 87
Market price: 0.842
Buyers: 53%
Sellers: 47%

#DREP, #DREPUSDT, #crypto https://t.co/FrCIVUGi6S",0.9867651462554932,POSITIVE
2022-05-29 05:19:58+00:00,"Orangepilling a friend!!! Jajajajaja parece que ya pronto habrÃ¡ otra emprendedora usando #BTC 

âš¡ğŸ§¡Taquitos x satsğŸŒ®ğŸ§¡âš¡ https://t.co/hRKUMNUBgK",0.9977134466171265,POSITIVE
2022-05-29 05:19:59+00:00,"à¤µà¤•à¤¼à¥à¤¤ à¤”à¤° à¤¹à¤¾à¤²à¤¾à¤¤ à¤†à¤¦à¤®à¥€ à¤•à¥‹ à¤œà¤¼à¤¿à¤‚à¤¦à¤—à¥€ #Life à¤®à¥‡à¤‚ à¤¸à¤¬à¤•à¥à¤› à¤¸à¥€à¤–à¤¾ à¤¦à¥‡à¤¤à¥‡ à¤¹à¥ˆà¤‚....!!
.@VinoBhojak 
#lifestyle #StrangerThings #charansingh #PrimeVideo #SPY_FAMILY #PDPPrimaries #ObiWan #Metaverse #NFTCommunity #Bitcoin #cryptocurrency #ZeePruk #zonauang #RussiaUkraineWar #TejRan #ZeePruk https://t.co/eHS18suFPe",0.8726775050163269,POSITIVE
2022-05-29 05:19:59+00:00,"@Crypto_Daily ğŸ”¥ NinjaTurtles is a community-driven fan token.
ğŸ”¥ Audit by solidproof &amp; KYC in progress
ğŸ”¥ Experienced team,huge marketing
ğŸ”¥ Tax Buy/Sell 2% / 3%
â˜„ï¸ Presale on unicrypt, 30 may
ğŸ’¥ SC: 50 BNB / HC: 100 BNB
â¤ï¸TG:https://t.co/f37HbpTmXU",0.9199130535125732,POSITIVE
2022-05-29 05:19:59+00:00,"RT @ChiefraFba: ğŸš¨ğŸ $1000 GIVEAWAY ğŸğŸš¨

Win $1000 worth of coins from ONE of your choice of:

$FTM $BTC $BNB $AVAX

TO ENTER:

ğŸ”¶ Like this poâ€¦",0.7008054852485657,POSITIVE
2022-05-29 05:19:59+00:00,"@cryptoworld202 @omniaverse DApp features:

Gamers looking to monetize their artwork can use P2P or can leverage the integration of the Dapp with OpenSea Marketplace. Flexible selling options with an opportunity to list using chain agnostic crypto currencies.

@bitgertbrise",0.9732059240341187,POSITIVE
2022-05-29 05:19:59+00:00,"RT @dreamcity1991: #Shiba is the future of #ETH and will be achieved with #Shibarium, a cheap #Etherum network.
#SHIB #SHIBARMY #Bitcoin #Bâ€¦",0.9977225661277771,POSITIVE
2022-05-29 05:19:59+00:00,"RT @LadyofCrypto1: â˜ï¸ even if #Bitcoin turns around in June and goes to 60k (unlikely), you will have plenty of time to buy up alts.",0.939272940158844,NEGATIVE
2022-05-29 05:19:59+00:00,Meet the Steel Company that Wants to Become an NFT Brokerage . A publicly listed South Korean steel company has reiterated its intention to reposition itself as a crypto brokerage and non-fungible token (NFT) issuer.,0.9973545074462891,NEGATIVE
2022-05-29 05:19:59+00:00,RT @CryptoReloader: You lost your money through DoKwon? You are now trying to get your money back with other projects but don't know whereâ€¦,0.9989991784095764,NEGATIVE
